dataset,model,combo,level,n_seeds,f1_mean,f1_std,acc_mean,acc_std,fit_time_mean,rel_f1,drop_abs,drop_rel
breast_cancer,decision_tree,clean,0,3,0.9210039479114093,0.017079033704871956,0.9259259259259259,0.01688158681841014,0.010321378707885666,1.0,0.0,0.0
breast_cancer,decision_tree,gaussian,0,3,0.9210039479114093,0.017079033704871956,0.9259259259259259,0.01688158681841014,0.010321378707885666,1.0,0.0,0.0
breast_cancer,decision_tree,gaussian,1,3,0.9312127310310433,0.019012835281209867,0.935672514619883,0.01754385964912286,0.0133561293284098,1.0110844075563246,-0.010208783119634024,-0.011084407556324612
breast_cancer,decision_tree,gaussian,2,3,0.9245163212144344,0.011338165788579905,0.9298245614035087,0.011695906432748482,0.0099689960479736,1.0038136354474811,-0.003512373303025118,-0.0038136354474812423
breast_cancer,decision_tree,gaussian,3,3,0.8726235765520718,0.03368902465945462,0.8888888888888888,0.02679868827459558,0.0083655516306559,0.9474699631103088,0.04838037135933748,0.052530036889691115
breast_cancer,decision_tree,gaussian,4,3,0.8414208647471894,0.0633464187764997,0.8654970760233919,0.045673974712904394,0.014894962310790967,0.9135909424224586,0.07958308316421991,0.08640905757754141
breast_cancer,decision_tree,gaussian,5,3,0.7732050586611082,0.08398834656861492,0.8089668615984404,0.06777909805346478,0.0139213403065999,0.8395241523280444,0.14779888925030105,0.1604758476719556
breast_cancer,decision_tree,label,0,3,0.9210039479114093,0.017079033704871956,0.9259259259259259,0.01688158681841014,0.010321378707885666,1.0,0.0,0.0
breast_cancer,decision_tree,label,1,3,0.8488427032021691,0.00905596812750172,0.8576998050682261,0.008932896091531828,0.010789076487223265,0.9216493643997048,0.07216124470924012,0.07835063560029523
breast_cancer,decision_tree,label,2,3,0.8156242814530325,0.01607743135243812,0.8245614035087719,0.01547222988926659,0.0172486305236816,0.8855817429476283,0.10537966645837682,0.11441825705237174
breast_cancer,decision_tree,label,3,3,0.7199242011619463,0.017364523958514393,0.7290448343079922,0.014717026189611626,0.016005595525105734,0.7816733063897738,0.20107974674946294,0.21832669361022616
breast_cancer,decision_tree,label,4,3,0.6745695387841658,0.031038238714378122,0.6803118908382068,0.027010538909456174,0.0143353939056396,0.7324284986116609,0.24643440912724346,0.26757150138833913
breast_cancer,decision_tree,label,5,3,0.5807456845593606,0.01722440772260818,0.5925925925925926,0.017865792183063705,0.015866835912068666,0.6305572151740897,0.3402582633520487,0.3694427848259103
breast_cancer,decision_tree,label+gaussian,0,3,0.9210039479114093,0.017079033704871956,0.9259259259259259,0.01688158681841014,0.010321378707885666,1.0,0.0,0.0
breast_cancer,decision_tree,label+gaussian,1,3,0.891604126940425,0.019414262126395417,0.8986354775828459,0.018798539495113002,0.0132659276326497,0.9680785071142689,0.02939982097098426,0.03192149288573105
breast_cancer,decision_tree,label+gaussian,2,3,0.8806621179632064,0.02048707072526764,0.888888888888889,0.021085095178152012,0.0163042545318603,0.9561979836897688,0.0403418299482029,0.04380201631023123
breast_cancer,decision_tree,label+gaussian,3,3,0.8228733307250368,0.042074236358661574,0.8401559454191032,0.03325286960863932,0.011910676956176668,0.8934525553241042,0.0981306171863725,0.1065474446758958
breast_cancer,decision_tree,label+gaussian,4,3,0.7230153111978544,0.0805523402984137,0.7699805068226121,0.05306299254899101,0.017114877700805598,0.785029546113738,0.19798863671355482,0.21497045388626196
breast_cancer,decision_tree,label+gaussian,5,3,0.7701109451827958,0.11573960239244155,0.7797270955165692,0.1240997586151813,0.0162169138590494,0.8361646515513875,0.1508930027286135,0.1638353484486125
breast_cancer,decision_tree,missing,0,3,0.9210039479114093,0.017079033704871956,0.9259259259259259,0.01688158681841014,0.010321378707885666,1.0,0.0,0.0
breast_cancer,decision_tree,missing,1,3,0.9107116367535029,0.02467851904240294,0.9161793372319688,0.02363422154577409,0.008563439051310165,0.9888249000655789,0.010292311157906409,0.011175099934421149
breast_cancer,decision_tree,missing,2,3,0.927571166321727,0.01532822612788263,0.9317738791423001,0.014717026189611626,0.012615124384562167,1.0071304997391275,-0.00656721841031771,-0.007130499739127509
breast_cancer,decision_tree,missing,3,3,0.9043094472079295,0.00873617027105473,0.9103313840155945,0.008932896091531889,0.013658444086710568,0.9818735839934906,0.016694500703479775,0.018126416006509462
breast_cancer,decision_tree,missing,4,3,0.9115561829424585,0.01161509270921336,0.9161793372319688,0.012173485376994964,0.008839289347330666,0.9897418843965048,0.009447764968950723,0.010258115603495216
breast_cancer,decision_tree,missing,5,3,0.8886148228505374,0.016479872591946002,0.8947368421052632,0.015472229889266652,0.012975533803303999,0.9648328054029283,0.03238912506087188,0.03516719459707177
breast_cancer,decision_tree,outliers,0,3,0.9210039479114093,0.017079033704871956,0.9259259259259259,0.01688158681841014,0.010321378707885666,1.0,0.0,0.0
breast_cancer,decision_tree,outliers,1,3,0.9299455323206273,0.009527157936891337,0.9337231968810915,0.008932896091531828,0.009461402893066366,1.009708519088865,-0.008941584409217995,-0.009708519088865056
breast_cancer,decision_tree,outliers,2,3,0.9369219413528128,0.016274155444171032,0.9415204678362573,0.015472229889266526,0.0107510089874267,1.0172833064152453,-0.015917993441403544,-0.01728330641524534
breast_cancer,decision_tree,outliers,3,3,0.9350537285868498,0.029411766505434568,0.939571150097466,0.027636348691535688,0.0074657599131266,1.0152548539094775,-0.014049780675440493,-0.015254853909477412
breast_cancer,decision_tree,outliers,4,3,0.932853481930073,0.015493344932642502,0.9376218323586745,0.013505269454728151,0.0073808828989664335,1.0128658884096375,-0.011849534018663732,-0.012865888409637448
breast_cancer,decision_tree,outliers,5,3,0.9331741580105176,0.00884349691889435,0.9376218323586745,0.008932896091531889,0.0067423979441324665,1.013214069414911,-0.012170210099108347,-0.013214069414910903
breast_cancer,logreg,clean,0,3,0.9581174145455217,0.0034130994214324286,0.9610136452241714,0.003376317363682118,0.0086785157521565,1.0,0.0,0.0
breast_cancer,logreg,gaussian,0,3,0.9581174145455217,0.0034130994214324286,0.9610136452241714,0.003376317363682118,0.0086785157521565,1.0,0.0,0.0
breast_cancer,logreg,gaussian,1,3,0.9557762197247727,0.006199084037918739,0.9590643274853802,0.005847953216374213,0.011502424875895133,0.9975564635552945,0.002341194820749015,0.0024435364447055264
breast_cancer,logreg,gaussian,2,3,0.9558838004001268,0.006154777027274813,0.9590643274853802,0.005847953216374213,0.0097372531890869,0.9976687469495016,0.002233614145394913,0.0023312530504984268
breast_cancer,logreg,gaussian,3,3,0.9533829829189161,0.009722682246627479,0.9571150097465887,0.008932896091531804,0.013814290364583266,0.9950586101925187,0.004734431626605584,0.004941389807481308
breast_cancer,logreg,gaussian,4,3,0.9336193788944432,0.009344105879812992,0.939571150097466,0.008932896091531865,0.007309993108113567,0.974431071516742,0.024498035651078442,0.02556892848325794
breast_cancer,logreg,gaussian,5,3,0.9294586609529318,0.0008299534531822393,0.935672514619883,0.0,0.005859454472859667,0.9700884743795373,0.028658753592589847,0.029911525620462693
breast_cancer,logreg,label,0,3,0.9581174145455217,0.0034130994214324286,0.9610136452241714,0.003376317363682118,0.0086785157521565,1.0,0.0,0.0
breast_cancer,logreg,label,1,3,0.9342257599723774,0.007190042293032988,0.939571150097466,0.006752634727364108,0.018326123555501266,0.9750639595832029,0.02389165457314424,0.024936040416797065
breast_cancer,logreg,label,2,3,0.9221740001597398,0.030657875291309526,0.9278752436647174,0.028847268200679798,0.0192313194274902,0.962485376176122,0.03594341438578186,0.03751462382387804
breast_cancer,logreg,label,3,3,0.9219339894881936,0.035153315487658175,0.9278752436647174,0.032208014896409974,0.019579172134399365,0.962234873818162,0.03618342505732808,0.03776512618183807
breast_cancer,logreg,label,4,3,0.8763806807361171,0.022298844085637315,0.884990253411306,0.0236342215457741,0.023913939793904566,0.9146902743144733,0.0817367338094046,0.08530972568552678
breast_cancer,logreg,label,5,3,0.7364418796260296,0.0250713698749496,0.7504873294346979,0.02213999355087828,0.0298117001851399,0.768634270127902,0.2216755349194921,0.231365729872098
breast_cancer,logreg,label+gaussian,0,3,0.9581174145455217,0.0034130994214324286,0.9610136452241714,0.003376317363682118,0.0086785157521565,1.0,0.0,0.0
breast_cancer,logreg,label+gaussian,1,3,0.93196584377439,0.012061518152449055,0.9376218323586745,0.012173485376994964,0.010826905568440732,0.9727052547275361,0.026151570771131727,0.027294745272463915
breast_cancer,logreg,label+gaussian,2,3,0.9303280161882311,0.02265207465231051,0.935672514619883,0.021085095178151984,0.008621772130330366,0.9709958321021935,0.02778939835729055,0.02900416789780647
breast_cancer,logreg,label+gaussian,3,3,0.9387528119571309,0.025073265732008267,0.9434697855750488,0.02363422154577416,0.007924397786458266,0.9797889044762053,0.01936460258839079,0.020211095523794746
breast_cancer,logreg,label+gaussian,4,3,0.8822058371735791,0.0428231905911608,0.8908382066276802,0.04310593447854966,0.0081117947896321,0.9207700682405916,0.07591157737194254,0.07922993175940846
breast_cancer,logreg,label+gaussian,5,3,0.7821171139727888,0.07081762166170116,0.7953216374269005,0.07910964478636653,0.006960153579711866,0.8163061250105575,0.17600030057273286,0.18369387498944245
breast_cancer,logreg,missing,0,3,0.9581174145455217,0.0034130994214324286,0.9610136452241714,0.003376317363682118,0.0086785157521565,1.0,0.0,0.0
breast_cancer,logreg,missing,1,3,0.9643457613559746,0.007340121890901937,0.9668615984405458,0.006752634727364108,0.011844396591186466,1.0065006091277522,-0.006228346810452923,-0.006500609127752165
breast_cancer,logreg,missing,2,3,0.9600553849635038,0.003890536573640336,0.9629629629629629,0.003376317363682118,0.0128239790598551,1.002022685725738,-0.00193797041798216,-0.0020226857257379326
breast_cancer,logreg,missing,3,3,0.9480602949371563,0.019352136813767844,0.9512670565302144,0.018798539495112936,0.006814161936442033,0.9895032493349096,0.010057119608365417,0.010496750665090418
breast_cancer,logreg,missing,4,3,0.9644807068944868,0.012846430984431402,0.9668615984405458,0.012173485376994812,0.008724530537923133,1.006641453596774,-0.006363292348965155,-0.006641453596773994
breast_cancer,logreg,missing,5,3,0.9541982312217812,0.015357298487439478,0.9571150097465887,0.01471702618961162,0.008814334869384733,0.9959094957838758,0.003919183323740527,0.004090504216124255
breast_cancer,logreg,outliers,0,3,0.9581174145455217,0.0034130994214324286,0.9610136452241714,0.003376317363682118,0.0086785157521565,1.0,0.0,0.0
breast_cancer,logreg,outliers,1,3,0.9642430988711085,0.007517921138461675,0.9668615984405458,0.006752634727364108,0.013360897699991834,1.0063934589149415,-0.0061256843255868,-0.006393458914941535
breast_cancer,logreg,outliers,2,3,0.9618652414501199,0.00634864313483936,0.9649122807017543,0.005847953216374324,0.011318683624267531,1.0039116572224875,-0.003747826904598184,-0.0039116572224876505
breast_cancer,logreg,outliers,3,3,0.9311947843727504,0.007120297537331789,0.9376218323586745,0.006752634727363979,0.005699793497721334,0.9719004896852419,0.0269226301727713,0.028099510314758155
breast_cancer,logreg,outliers,4,3,0.9332234485914254,0.007610834654317499,0.939571150097466,0.006752634727364108,0.007214148839314733,0.9740178337475427,0.02489396595409632,0.025982166252457327
breast_cancer,logreg,outliers,5,3,0.9197601676873663,0.0110144479047093,0.9278752436647174,0.008932896091531828,0.008057435353596966,0.9599660268398839,0.038357246858155336,0.04003397316011619
breast_cancer,random_forest,clean,0,3,0.9537481239667033,0.006950155642753402,0.9571150097465888,0.006752634727363979,0.19730901718139646,1.0,0.0,0.0
breast_cancer,random_forest,gaussian,0,3,0.9537481239667033,0.006950155642753402,0.9571150097465888,0.006752634727363979,0.19730901718139646,1.0,0.0,0.0
breast_cancer,random_forest,gaussian,1,3,0.9344291391278823,0.006578174510002021,0.939571150097466,0.006752634727364108,0.2094000975290934,0.9797441438118147,0.019318984838820996,0.020255856188185227
breast_cancer,random_forest,gaussian,2,3,0.9340725757351169,0.003454813077214932,0.9395711500974658,0.0033763173636819897,0.21188386281331376,0.9793702889293723,0.01967554823158635,0.020629711070627752
breast_cancer,random_forest,gaussian,3,3,0.910570401172833,0.014926970941797364,0.9200779727095516,0.012173485376994982,0.22498496373494467,0.9547283798427921,0.04317772279387022,0.0452716201572079
breast_cancer,random_forest,gaussian,4,3,0.8576313191211392,0.007575171827730304,0.8771929824561404,0.005847953216374269,0.23639210065205885,0.8992220247356213,0.09611680484556406,0.10077797526437875
breast_cancer,random_forest,gaussian,5,3,0.8369791320094758,0.027190917289973887,0.8615984405458089,0.020537336750200294,0.23847182591756186,0.8775683128250075,0.11676899195722745,0.12243168717499257
breast_cancer,random_forest,label,0,3,0.9537481239667033,0.006950155642753402,0.9571150097465888,0.006752634727363979,0.19730901718139646,1.0,0.0,0.0
breast_cancer,random_forest,label,1,3,0.9493116269030532,0.006962833610249186,0.9532163742690059,0.005847953216374158,0.22314604123433426,0.995348355658936,0.004436497063650124,0.0046516443410640025
breast_cancer,random_forest,label,2,3,0.9415290278732361,0.008617469139544757,0.9454191033138403,0.008932896091531936,0.25076055526733393,0.987188340625356,0.012219096093467163,0.012811659374644022
breast_cancer,random_forest,label,3,3,0.9276284661618509,0.03537782754332012,0.9317738791423001,0.03376317363682015,0.262734333674113,0.9726136732031315,0.02611965780485237,0.027386326796868483
breast_cancer,random_forest,label,4,3,0.8650518971294016,0.016691492418975003,0.871345029239766,0.01547222988926659,0.2719380060831706,0.907002462591058,0.08869622683730172,0.09299753740894198
breast_cancer,random_forest,label,5,3,0.7183322198599352,0.04162188553722044,0.7251461988304094,0.045673974712904394,0.26575525601704914,0.7531676359921345,0.23541590410676805,0.2468323640078654
breast_cancer,random_forest,label+gaussian,0,3,0.9537481239667033,0.006950155642753402,0.9571150097465888,0.006752634727363979,0.19730901718139646,1.0,0.0,0.0
breast_cancer,random_forest,label+gaussian,1,3,0.9342194434432297,0.00963239879567252,0.939571150097466,0.008932896091531865,0.2176566123962402,0.9795242789655486,0.019528680523473563,0.020475721034451375
breast_cancer,random_forest,label+gaussian,2,3,0.9300000123287103,0.012205214346988777,0.935672514619883,0.011695906432748593,0.2546319961547851,0.9751002271551288,0.023748111637992952,0.024899772844871184
breast_cancer,random_forest,label+gaussian,3,3,0.8930175216252921,0.01184909021162066,0.9044834307992202,0.008932896091531865,0.27204306920369464,0.9363242759641525,0.060730602341411144,0.06367572403584758
breast_cancer,random_forest,label+gaussian,4,3,0.883075184745135,0.052641811869091955,0.8966861598440546,0.045423704474585,0.26966198285420734,0.925899786908482,0.07067293922156825,0.07410021309151801
breast_cancer,random_forest,label+gaussian,5,3,0.6509328414443615,0.029122879584650155,0.6998050682261209,0.06976814880379448,0.25960858662923175,0.6824997345599879,0.3028152825223418,0.31750026544001203
breast_cancer,random_forest,missing,0,3,0.9537481239667033,0.006950155642753402,0.9571150097465888,0.006752634727363979,0.19730901718139646,1.0,0.0,0.0
breast_cancer,random_forest,missing,1,3,0.9457511287655297,0.025941102948591224,0.9493177387914229,0.02434697075398981,0.20649321873982743,0.9916151916840333,0.007996995201173585,0.008384808315966628
breast_cancer,random_forest,missing,2,3,0.943781587105364,0.024582309789349905,0.9473684210526315,0.023391812865497075,0.20309734344482422,0.9895501373885929,0.009966536861339303,0.010449862611407087
breast_cancer,random_forest,missing,3,3,0.9356191223744,0.02452607975346016,0.939571150097466,0.02363422154577416,0.188556432723999,0.9809918351221458,0.01812900159230324,0.019008164877854217
breast_cancer,random_forest,missing,4,3,0.9398561862406122,0.01452354635681582,0.9434697855750486,0.014717026189611515,0.19028695424397782,0.9854343747819775,0.013891937726091097,0.014565625218022536
breast_cancer,random_forest,missing,5,3,0.9361847822146071,0.03299445322973977,0.9395711500974658,0.032208014896409974,0.19739087422688803,0.9815849265537225,0.017563341752096173,0.018415073446277453
breast_cancer,random_forest,outliers,0,3,0.9537481239667033,0.006950155642753402,0.9571150097465888,0.006752634727363979,0.19730901718139646,1.0,0.0,0.0
breast_cancer,random_forest,outliers,1,3,0.9432861197476864,0.005546133671157026,0.9473684210526315,0.00584795321637438,0.21100950241088864,0.9890306424137384,0.010462004219016885,0.010969357586261557
breast_cancer,random_forest,outliers,2,3,0.9452335365143142,0.004257318527625254,0.949317738791423,0.003376317363682054,0.19155041376749674,0.9910724988721589,0.008514587452389089,0.008927501127841112
breast_cancer,random_forest,outliers,3,3,0.9473232442248873,0.003586507741303778,0.9512670565302145,0.003376317363682054,0.17876807848612464,0.9932635466530781,0.0064248797418159365,0.006736453346921853
breast_cancer,random_forest,outliers,4,3,0.9391519877590558,0.012876963643617852,0.9434697855750488,0.012173485376994982,0.19273002942403153,0.9846960262978646,0.014596136207647437,0.015303973702135439
breast_cancer,random_forest,outliers,5,3,0.9387973534205757,0.009299768584988474,0.9434697855750488,0.008932896091531948,0.18827541669209794,0.9843241940189131,0.01495077054612759,0.015675805981086827
breast_cancer,svm_rbf,clean,0,3,0.962266683584426,0.012320618384172897,0.9649122807017544,0.011695906432748426,0.0042024453481038,1.0,0.0,0.0
breast_cancer,svm_rbf,gaussian,0,3,0.962266683584426,0.012320618384172897,0.9649122807017544,0.011695906432748426,0.0042024453481038,1.0,0.0,0.0
breast_cancer,svm_rbf,gaussian,1,3,0.9559088880072363,0.010628029539799818,0.9590643274853802,0.010128952091046034,0.008183956146240167,0.9933928964956917,0.00635779557718974,0.006607103504308251
breast_cancer,svm_rbf,gaussian,2,3,0.9534010472191364,0.02037802025029696,0.9571150097465887,0.018798539495112985,0.005860805511474567,0.9907867158693833,0.008865636365289586,0.009213284130616735
breast_cancer,svm_rbf,gaussian,3,3,0.9423144237054233,0.006185552300591339,0.9473684210526315,0.00584795321637438,0.007357358932495066,0.9792653531298819,0.01995225987900273,0.020734646870118088
breast_cancer,svm_rbf,gaussian,4,3,0.9269797896114484,0.013809469993105178,0.9337231968810916,0.012173485376994982,0.006397088368733667,0.9633294027789318,0.03528689397297757,0.036670597221068205
breast_cancer,svm_rbf,gaussian,5,3,0.9241272999831631,0.010687527253364726,0.9317738791423001,0.008932896091531816,0.008285125096638967,0.9603650586143184,0.0381393836012629,0.03963494138568155
breast_cancer,svm_rbf,label,0,3,0.962266683584426,0.012320618384172897,0.9649122807017544,0.011695906432748426,0.0042024453481038,1.0,0.0,0.0
breast_cancer,svm_rbf,label,1,3,0.9537603789156215,0.009250762048894585,0.9571150097465887,0.008932896091531804,0.007294654846191367,0.9911601380221139,0.008506304668804532,0.00883986197788611
breast_cancer,svm_rbf,label,2,3,0.9538807005902865,0.012741967037030497,0.9571150097465887,0.012173485376994857,0.0070509115854898675,0.9912851778647247,0.008385982994139507,0.008714822135275298
breast_cancer,svm_rbf,label,3,3,0.9431990541595688,0.016412429824361852,0.9473684210526315,0.015472229889266652,0.010426998138427665,0.9801846725547739,0.01906762942485718,0.019815327445226103
breast_cancer,svm_rbf,label,4,3,0.91711934267687,0.007808173520436352,0.9239766081871345,0.005847953216374269,0.0099212328592936,0.9530822986208116,0.04514734090755601,0.04691770137918833
breast_cancer,svm_rbf,label,5,3,0.8485416603104136,0.02238769992716336,0.8615984405458089,0.020537336750200294,0.009977897008260033,0.8818154829486679,0.11372502327401246,0.11818451705133218
breast_cancer,svm_rbf,label+gaussian,0,3,0.962266683584426,0.012320618384172897,0.9649122807017544,0.011695906432748426,0.0042024453481038,1.0,0.0,0.0
breast_cancer,svm_rbf,label+gaussian,1,3,0.9515019216286197,0.012794933512755987,0.9551656920077972,0.012173485376994964,0.0030775070190429336,0.9888131199599389,0.010764761955806335,0.011186880040061025
breast_cancer,svm_rbf,label+gaussian,2,3,0.9408885892492451,0.014103582794660128,0.9454191033138403,0.013505269454728151,0.006771326065063467,0.9777836074968865,0.021378094335180897,0.022216392503113462
breast_cancer,svm_rbf,label+gaussian,3,3,0.911646350573231,0.026304910426519116,0.9200779727095516,0.02363422154577425,0.0093734264373779,0.947394694345402,0.05062033301119506,0.05260530565459799
breast_cancer,svm_rbf,label+gaussian,4,3,0.8906354826549334,0.028650222783266795,0.9025341130604289,0.024346970753989856,0.008568763732910099,0.9255599282907024,0.0716312009294926,0.07444007170929755
breast_cancer,svm_rbf,label+gaussian,5,3,0.6703354045441837,0.096256894387598,0.7309941520467836,0.05359737654919111,0.008866786956787066,0.6966212339880629,0.2919312790402423,0.3033787660119371
breast_cancer,svm_rbf,missing,0,3,0.962266683584426,0.012320618384172897,0.9649122807017544,0.011695906432748426,0.0042024453481038,1.0,0.0,0.0
breast_cancer,svm_rbf,missing,1,3,0.958134994079845,0.006995702568665732,0.9610136452241717,0.006752634727363979,0.004921754201253199,0.9957062947568853,0.004131689504580982,0.004293705243114635
breast_cancer,svm_rbf,missing,2,3,0.9497020798020839,0.0185738992806277,0.9532163742690059,0.017543859649122806,0.004461447397867801,0.9869427010238584,0.012564603782342143,0.013057298976141645
breast_cancer,svm_rbf,missing,3,3,0.9379304797779788,0.01575008521427373,0.9415204678362573,0.015472229889266526,0.0046183268229166,0.9747095018235534,0.024336203806447188,0.025290498176446543
breast_cancer,svm_rbf,missing,4,3,0.9318189374969122,0.026085094209216477,0.935672514619883,0.025490637096729097,0.0053586165110269994,0.9683583079338293,0.030447746087513772,0.03164169206617075
breast_cancer,svm_rbf,missing,5,3,0.921924157951827,0.030937899952133592,0.9259259259259259,0.030009365142964164,0.006987333297729433,0.9580755248822251,0.04034252563259899,0.04192447511777485
breast_cancer,svm_rbf,outliers,0,3,0.962266683584426,0.012320618384172897,0.9649122807017544,0.011695906432748426,0.0042024453481038,1.0,0.0,0.0
breast_cancer,svm_rbf,outliers,1,3,0.9577236480992232,0.013236361665296795,0.9610136452241717,0.012173485376994874,0.007271687189737867,0.9952788186864372,0.004543035485202851,0.004721181313562812
breast_cancer,svm_rbf,outliers,2,3,0.944510632853504,0.009719306015793159,0.9493177387914229,0.008932896091531804,0.007184584935506134,0.9815476821199077,0.017756050730922013,0.01845231788009229
breast_cancer,svm_rbf,outliers,3,3,0.9401000414066304,0.003300354130456211,0.94541910331384,0.003376317363682118,0.0053653717041015,0.9769641383662736,0.022166642177795626,0.023035861633726406
breast_cancer,svm_rbf,outliers,4,3,0.9307183638203315,0.014149940953527838,0.9376218323586745,0.012173485376994964,0.008582750956217368,0.9672145775154787,0.03154831976409456,0.03278542248452127
breast_cancer,svm_rbf,outliers,5,3,0.9291078069131352,0.0005558519392758232,0.935672514619883,0.0,0.006052970886230434,0.9655408659190251,0.033158876671290805,0.034459134080974924
