dataset,model,combo,level,baseline_f1,compound_f1,drop_compound,sum_single_drops,synergy,f1_floor_flag
breast_cancer,decision_tree,gaussian+missing,1,0.9210039479114093,0.9068944743565873,0.01410947355482195,8.352803827238464e-05,0.014025945516549565,False
breast_cancer,decision_tree,gaussian+missing,2,0.9210039479114093,0.9105177830587667,0.010486164852642532,-0.010079591713342828,0.02056575656598536,False
breast_cancer,decision_tree,gaussian+missing,3,0.9210039479114093,0.9016368911968567,0.019367056714552522,0.06507487206281726,-0.045707815348264735,False
breast_cancer,decision_tree,gaussian+missing,4,0.9210039479114093,0.8420908787033593,0.07891306920804997,0.08903084813317064,-0.010117778925120668,False
breast_cancer,decision_tree,gaussian+missing,5,0.9210039479114093,0.7319681047255986,0.18903584318581068,0.18018801431117293,0.008847828874637753,False
breast_cancer,decision_tree,gaussian+outliers,1,0.9210039479114093,0.93239430874026,-0.011390360828850699,-0.01915036752885202,0.007760006700001321,False
breast_cancer,decision_tree,gaussian+outliers,2,0.9210039479114093,0.9313489244769827,-0.010344976565573427,-0.019430366744428662,0.009085390178855235,False
breast_cancer,decision_tree,gaussian+outliers,3,0.9210039479114093,0.877706839653158,0.04329710825825128,0.03433059068389699,0.008966517574354294,False
breast_cancer,decision_tree,gaussian+outliers,4,0.9210039479114093,0.8770040970909078,0.04399985082050151,0.06773354914555618,-0.023733698325054675,False
breast_cancer,decision_tree,gaussian+outliers,5,0.9210039479114093,0.7969820949042573,0.12402185300715196,0.1356286791511927,-0.011606826144040738,False
breast_cancer,decision_tree,gaussian+outliers+missing,1,0.9210039479114093,0.9118250170881751,0.009178930823234177,-0.00885805637094561,0.018036987194179788,False
breast_cancer,decision_tree,gaussian+outliers+missing,2,0.9210039479114093,0.9349439944708382,-0.013940046559428931,-0.025997585154746372,0.01205753859531744,False
breast_cancer,decision_tree,gaussian+outliers+missing,3,0.9210039479114093,0.8537303579125509,0.06727358999885835,0.051025091387376764,0.016248498611481588,False
breast_cancer,decision_tree,gaussian+outliers+missing,4,0.9210039479114093,0.8597225558462397,0.06128139206516958,0.0771813141145069,-0.015899922049337323,False
breast_cancer,decision_tree,gaussian+outliers+missing,5,0.9210039479114093,0.7111615959965536,0.20984235191485567,0.16801780421206458,0.04182454770279109,False
breast_cancer,decision_tree,label+gaussian,1,0.9210039479114093,0.891604126940425,0.02939982097098426,0.0619524615896061,-0.03255264061862184,False
breast_cancer,decision_tree,label+gaussian,2,0.9210039479114093,0.8806621179632064,0.0403418299482029,0.1018672931553517,-0.0615254632071488,False
breast_cancer,decision_tree,label+gaussian,3,0.9210039479114093,0.8228733307250368,0.0981306171863725,0.24946011810880042,-0.15132950092242792,False
breast_cancer,decision_tree,label+gaussian,4,0.9210039479114093,0.7230153111978544,0.19798863671355482,0.3260174922914634,-0.12802885557790855,False
breast_cancer,decision_tree,label+gaussian,5,0.9210039479114093,0.7701109451827958,0.1508930027286135,0.4880571526023497,-0.3371641498737362,False
breast_cancer,decision_tree,label+gaussian+missing,1,0.9210039479114093,0.8887559749823901,0.03224797292901915,0.07224477274751251,-0.039996799818493356,False
breast_cancer,decision_tree,label+gaussian+missing,2,0.9210039479114093,0.9113162978190926,0.009687650092316646,0.09530007474503399,-0.08561242465271734,False
breast_cancer,decision_tree,label+gaussian+missing,3,0.9210039479114093,0.7666729049198642,0.1543310429915451,0.2661546188122802,-0.1118235758207351,False
breast_cancer,decision_tree,label+gaussian+missing,4,0.9210039479114093,0.7811806390125788,0.13982330889883043,0.3354652572604141,-0.19564194836158366,False
breast_cancer,decision_tree,label+gaussian+missing,5,0.9210039479114093,0.6677385303755025,0.2532654175359068,0.5204462776632216,-0.2671808601273148,False
breast_cancer,decision_tree,label+gaussian+outliers,1,0.9210039479114093,0.9038749196459476,0.0171290282654617,0.053010877180388105,-0.035881848914926406,False
breast_cancer,decision_tree,label+gaussian+outliers,2,0.9210039479114093,0.8816219958429308,0.0393819520684785,0.08594929971394816,-0.04656734764546966,False
breast_cancer,decision_tree,label+gaussian+outliers,3,0.9210039479114093,0.8176927321108227,0.10331121580058655,0.23541033743335993,-0.13209912163277338,False
breast_cancer,decision_tree,label+gaussian+outliers,4,0.9210039479114093,0.6823937482855996,0.23861019962580965,0.31416795827279964,-0.07555775864698999,False
breast_cancer,decision_tree,label+gaussian+outliers,5,0.9210039479114093,0.47071897376007327,0.450284974151336,0.4758869425032414,-0.02560196835190537,False
breast_cancer,decision_tree,label+gaussian+outliers+missing,1,0.9210039479114093,0.8907924211173158,0.030211526794093446,0.06330318833829451,-0.03309166154420107,False
breast_cancer,decision_tree,label+gaussian+outliers+missing,2,0.9210039479114093,0.9059471820608215,0.015056765850587794,0.07938208130363045,-0.06432531545304265,False
breast_cancer,decision_tree,label+gaussian+outliers+missing,3,0.9210039479114093,0.8302438621126954,0.09076008579871386,0.2521048381368397,-0.16134475233812584,False
breast_cancer,decision_tree,label+gaussian+outliers+missing,4,0.9210039479114093,0.7163302188182694,0.20467372909313986,0.32361572324175036,-0.11894199414861051,False
breast_cancer,decision_tree,label+gaussian+outliers+missing,5,0.9210039479114093,0.6339248174575086,0.28707913045390065,0.5082760675641133,-0.2211969371102126,False
breast_cancer,decision_tree,label+missing,1,0.9210039479114093,0.8650180604544572,0.0559858874569521,0.08245355586714653,-0.026467668410194434,False
breast_cancer,decision_tree,label+missing,2,0.9210039479114093,0.8482277934808703,0.07277615443053898,0.09881244804805911,-0.026036293617520134,False
breast_cancer,decision_tree,label+missing,3,0.9210039479114093,0.72630443435642,0.19469951355498927,0.21777424745294272,-0.023074733897953448,False
breast_cancer,decision_tree,label+missing,4,0.9210039479114093,0.5316356173475413,0.389368330563868,0.2558821740961942,0.1334861564676738,False
breast_cancer,decision_tree,label+missing,5,0.9210039479114093,0.5811834640910899,0.3398204838203194,0.37264738841292055,-0.03282690459260118,False
breast_cancer,decision_tree,label+outliers,1,0.9210039479114093,0.9031967112780154,0.017807236633393897,0.06321966030002213,-0.04541242366662823,False
breast_cancer,decision_tree,label+outliers,2,0.9210039479114093,0.8414535911487063,0.07955035676270295,0.08946167301697328,-0.00991131625427033,False
breast_cancer,decision_tree,label+outliers,3,0.9210039479114093,0.7954480136595191,0.12555593425189016,0.18702996607402245,-0.06147403182213229,False
breast_cancer,decision_tree,label+outliers,4,0.9210039479114093,0.7609768271464535,0.16002712076495573,0.23458487510857973,-0.074557754343624,False
breast_cancer,decision_tree,label+outliers,5,0.9210039479114093,0.6077533341243239,0.3132506137870854,0.3280880532529403,-0.014837439465854918,False
breast_cancer,decision_tree,label+outliers+missing,1,0.9210039479114093,0.8700615861990211,0.050942361712388196,0.07351197145792854,-0.022569609745540342,False
breast_cancer,decision_tree,label+outliers+missing,2,0.9210039479114093,0.8790178839481948,0.04198606396321447,0.08289445460665557,-0.040908390643441095,False
breast_cancer,decision_tree,label+outliers+missing,3,0.9210039479114093,0.8366953102114802,0.08430863769992902,0.20372446677750222,-0.1194158290775732,False
breast_cancer,decision_tree,label+outliers+missing,4,0.9210039479114093,0.6306038105837884,0.2904001373276208,0.24403264007753045,0.04636749725009037,False
breast_cancer,decision_tree,label+outliers+missing,5,0.9210039479114093,0.5181905363582325,0.40281341155317674,0.3604771783138122,0.04233623323936453,False
breast_cancer,decision_tree,outliers+missing,1,0.9210039479114093,0.922793041548073,-0.0017890936366636856,0.0013507267486884134,-0.003139820385352099,False
breast_cancer,decision_tree,outliers+missing,2,0.9210039479114093,0.935995292799838,-0.014991344888428682,-0.022485211851721254,0.0074938669632925725,False
breast_cancer,decision_tree,outliers+missing,3,0.9210039479114093,0.917063350208304,0.003940597703105286,0.0026447200280392824,0.001295877675066004,False
breast_cancer,decision_tree,outliers+missing,4,0.9210039479114093,0.9041888125822998,0.0168151353291095,-0.0024017690497130095,0.019216904378822508,False
breast_cancer,decision_tree,outliers+missing,5,0.9210039479114093,0.8836087082033224,0.03739523970808689,0.020218914961763534,0.017176324746323357,False
breast_cancer,logreg,gaussian+missing,1,0.9581174145455217,0.9515661908616752,0.00655122368384653,-0.0038871519897039075,0.010438375673550437,False
breast_cancer,logreg,gaussian+missing,2,0.9581174145455217,0.9496486034747949,0.008468811070726834,0.00029564372741275324,0.00817316734331408,False
breast_cancer,logreg,gaussian+missing,3,0.9581174145455217,0.9535037097040027,0.004613704841519017,0.014791551234971001,-0.010177846393451984,False
breast_cancer,logreg,gaussian+missing,4,0.9581174145455217,0.926104425326772,0.03201298921874973,0.018134743302113288,0.013878245916636445,False
breast_cancer,logreg,gaussian+missing,5,0.9581174145455217,0.9342790362455284,0.023838378299993246,0.032577936916330374,-0.008739558616337129,False
breast_cancer,logreg,gaussian+outliers,1,0.9581174145455217,0.9600849161079466,-0.001967501562424867,-0.0037844895048377847,0.0018169879424129176,False
breast_cancer,logreg,gaussian+outliers,2,0.9581174145455217,0.9494453654097273,0.008672049135794335,-0.0015142127592032706,0.010186261894997606,False
breast_cancer,logreg,gaussian+outliers,3,0.9581174145455217,0.9334036956722264,0.02471371887329532,0.031657061799376884,-0.006943342926081564,False
breast_cancer,logreg,gaussian+outliers,4,0.9581174145455217,0.9197896479749964,0.03832776657052528,0.04939200160517476,-0.011064235034649483,False
breast_cancer,logreg,gaussian+outliers,5,0.9581174145455217,0.8808925982136707,0.07722481633185097,0.06701600045074518,0.010208815881105782,False
breast_cancer,logreg,gaussian+outliers+missing,1,0.9581174145455217,0.9599944123433516,-0.0018769977978299046,-0.010012836315290707,0.008135838517460803,False
breast_cancer,logreg,gaussian+outliers+missing,2,0.9581174145455217,0.9492743269529531,0.008843087592568577,-0.0034521831771854306,0.012295270769754008,False
breast_cancer,logreg,gaussian+outliers+missing,3,0.9581174145455217,0.9379966753893765,0.020120739156145206,0.0417141814077423,-0.021593442251597095,False
breast_cancer,logreg,gaussian+outliers+missing,4,0.9581174145455217,0.931343635518946,0.02677377902657574,0.04302870925620961,-0.016254930229633868,False
breast_cancer,logreg,gaussian+outliers+missing,5,0.9581174145455217,0.8999597541211969,0.0581576604243248,0.07093518377448571,-0.012777523350160913,False
breast_cancer,logreg,label+gaussian,1,0.9581174145455217,0.93196584377439,0.026151570771131727,0.026232849393893254,-8.127862276152698e-05,False
breast_cancer,logreg,label+gaussian,2,0.9581174145455217,0.9303280161882311,0.02778939835729055,0.03817702853117677,-0.01038763017388622,False
breast_cancer,logreg,label+gaussian,3,0.9581174145455217,0.9387528119571309,0.01936460258839079,0.04091785668393366,-0.021553254095542873,False
breast_cancer,logreg,label+gaussian,4,0.9581174145455217,0.8822058371735791,0.07591157737194254,0.10623476946048305,-0.030323192088540507,False
breast_cancer,logreg,label+gaussian,5,0.9581174145455217,0.7821171139727888,0.17600030057273286,0.25033428851208195,-0.07433398793934909,False
breast_cancer,logreg,label+gaussian+missing,1,0.9581174145455217,0.9347635046790943,0.02335390986642738,0.02000450258344033,0.003349407282987049,False
breast_cancer,logreg,label+gaussian+missing,2,0.9581174145455217,0.9450346369489552,0.013082777596566508,0.03623905811319461,-0.023156280516628103,False
breast_cancer,logreg,label+gaussian+missing,3,0.9581174145455217,0.9314446728728587,0.02667274167266298,0.05097497629229908,-0.0243022346196361,False
breast_cancer,logreg,label+gaussian+missing,4,0.9581174145455217,0.8948439285709386,0.06327348597458304,0.09987147711151789,-0.03659799113693485,False
breast_cancer,logreg,label+gaussian+missing,5,0.9581174145455217,0.8582062423702231,0.09991117217529855,0.2542534718358225,-0.15434229966052393,False
breast_cancer,logreg,label+gaussian+outliers,1,0.9581174145455217,0.9364748678224498,0.021642546723071865,0.020107165068306454,0.0015353816547654109,False
breast_cancer,logreg,label+gaussian+outliers,2,0.9581174145455217,0.9342629071979731,0.02385450734754857,0.03442920162657859,-0.010574694279030017,False
breast_cancer,logreg,label+gaussian+outliers,3,0.9581174145455217,0.9186928164341835,0.03942459811133814,0.06784048685670496,-0.028415888745366824,False
breast_cancer,logreg,label+gaussian+outliers,4,0.9581174145455217,0.8906941346230487,0.06742327992247299,0.13112873541457937,-0.06370545549210638,False
breast_cancer,logreg,label+gaussian+outliers,5,0.9581174145455217,0.7703551854027868,0.18776222914273488,0.2886915353702373,-0.1009293062275024,False
breast_cancer,logreg,label+gaussian+outliers+missing,1,0.9581174145455217,0.9305618843317646,0.027555530213757118,0.013878818257853531,0.013676711955903587,False
breast_cancer,logreg,label+gaussian+outliers+missing,2,0.9581174145455217,0.9347270113727646,0.02339040317275709,0.03249123120859643,-0.009100828035839337,False
breast_cancer,logreg,label+gaussian+outliers+missing,3,0.9581174145455217,0.925227665575784,0.03288974896973773,0.07789760646507038,-0.04500785749533265,False
breast_cancer,logreg,label+gaussian+outliers+missing,4,0.9581174145455217,0.9040516960583128,0.05406571848720887,0.12476544306561421,-0.07069972457840534,False
breast_cancer,logreg,label+gaussian+outliers+missing,5,0.9581174145455217,0.8197983110933,0.13831910345222165,0.2926107186939778,-0.15429161524175616,False
breast_cancer,logreg,label+missing,1,0.9581174145455217,0.9344487846794621,0.023668629866059554,0.017663307762691316,0.006005322103368238,False
breast_cancer,logreg,label+missing,2,0.9581174145455217,0.9385356279041508,0.01958178664137089,0.0340054439677997,-0.014423657326428807,False
breast_cancer,logreg,label+missing,3,0.9581174145455217,0.9270661015762953,0.031051312969226363,0.046240544665693495,-0.015189231696467131,False
breast_cancer,logreg,label+missing,4,0.9581174145455217,0.8856494155142123,0.0724679990313094,0.07537344146043945,-0.002905442429130045,False
breast_cancer,logreg,label+missing,5,0.9581174145455217,0.8203206361837254,0.13779677836179627,0.22559471824323263,-0.08779793988143636,False
breast_cancer,logreg,label+outliers,1,0.9581174145455217,0.9346560539563417,0.023461360589180025,0.01776597024755744,0.005695390341622586,False
breast_cancer,logreg,label+outliers,2,0.9581174145455217,0.934074814870031,0.024042599675490717,0.032195587481183674,-0.008152987805692957,False
breast_cancer,logreg,label+outliers,3,0.9581174145455217,0.9166950018385543,0.04142241270696734,0.06310605523009938,-0.02168364252313204,False
breast_cancer,logreg,label+outliers,4,0.9581174145455217,0.9158651040313286,0.04225231051419309,0.10663069976350092,-0.06437838924930783,False
breast_cancer,logreg,label+outliers,5,0.9581174145455217,0.7996319168244733,0.15848549772104836,0.26003278177764744,-0.10154728405659907,False
breast_cancer,logreg,label+outliers+missing,1,0.9581174145455217,0.9344948624104567,0.023622552135065034,0.011537623437104516,0.012084928697960517,False
breast_cancer,logreg,label+outliers+missing,2,0.9581174145455217,0.9367393623684105,0.021378052177111195,0.030257617063201514,-0.008879564886090319,False
breast_cancer,logreg,label+outliers+missing,3,0.9581174145455217,0.9253111229739622,0.032806291571559454,0.0731631748384648,-0.04035688326690534,False
breast_cancer,logreg,label+outliers+missing,4,0.9581174145455217,0.9142208454998734,0.043896569045648315,0.10026740741453577,-0.056370838368887455,False
breast_cancer,logreg,label+outliers+missing,5,0.9581174145455217,0.8662133270295542,0.09190408751596746,0.26395196510138796,-0.1720478775854205,False
breast_cancer,logreg,outliers+missing,1,0.9581174145455217,0.9579061839958403,0.0002112305496814182,-0.012354031136039723,0.01256526168572114,False
breast_cancer,logreg,outliers+missing,2,0.9581174145455217,0.9495089840612185,0.008608430484303153,-0.005685797322580344,0.014294227806883497,False
breast_cancer,logreg,outliers+missing,3,0.9581174145455217,0.9315225945869875,0.026594819958534188,0.03697974978113672,-0.010384929822602529,False
breast_cancer,logreg,outliers+missing,4,0.9581174145455217,0.9335632095523945,0.024554204993127215,0.018530673605131165,0.006023531387996051,False
breast_cancer,logreg,outliers+missing,5,0.9581174145455217,0.9184771549827432,0.0396402595627785,0.04227643018189586,-0.0026361706191173617,False
breast_cancer,random_forest,gaussian+missing,1,0.9537481239667033,0.9388821658801875,0.014865958086515807,0.02731598003999458,-0.012450021953478774,False
breast_cancer,random_forest,gaussian+missing,2,0.9537481239667033,0.9383454206686487,0.015402703298054599,0.029642085092925652,-0.014239381794871053,False
breast_cancer,random_forest,gaussian+missing,3,0.9537481239667033,0.9267677809026605,0.026980343064042733,0.06130672438617346,-0.03432638132213073,False
breast_cancer,random_forest,gaussian+missing,4,0.9537481239667033,0.8922711872019157,0.061476936764787604,0.11000874257165516,-0.048531805806867556,False
breast_cancer,random_forest,gaussian+missing,5,0.9537481239667033,0.8568872460856789,0.09686087788102438,0.13433233370932363,-0.03747145582829925,False
breast_cancer,random_forest,gaussian+outliers,1,0.9537481239667033,0.9345561610723173,0.01919196289438596,0.02978098905783788,-0.01058902616345192,False
breast_cancer,random_forest,gaussian+outliers,2,0.9537481239667033,0.936114258869296,0.017633865097407275,0.028190135683975437,-0.010556270586568162,False
breast_cancer,random_forest,gaussian+outliers,3,0.9537481239667033,0.9238758093656565,0.02987231460104678,0.04960260253568616,-0.01973028793463938,False
breast_cancer,random_forest,gaussian+outliers,4,0.9537481239667033,0.8745105745834518,0.07923754938325145,0.1107129410532115,-0.03147539166996005,False
breast_cancer,random_forest,gaussian+outliers,5,0.9537481239667033,0.847856670671152,0.10589145329555127,0.13171976250335504,-0.025828309207803768,False
breast_cancer,random_forest,gaussian+outliers+missing,1,0.9537481239667033,0.9367484576437213,0.016999666322982,0.037777984259011466,-0.020778317936029467,False
breast_cancer,random_forest,gaussian+outliers+missing,2,0.9537481239667033,0.9405190984262269,0.013229025540476336,0.03815667254531474,-0.024927647004838405,False
breast_cancer,random_forest,gaussian+outliers+missing,3,0.9537481239667033,0.9332260066373589,0.02052211732934439,0.0677316041279894,-0.047209486798645006,False
breast_cancer,random_forest,gaussian+outliers+missing,4,0.9537481239667033,0.8954669512764962,0.05828117269020705,0.1246048787793026,-0.06632370608909555,False
breast_cancer,random_forest,gaussian+outliers+missing,5,0.9537481239667033,0.88448270311833,0.06926542084837328,0.14928310425545122,-0.08001768340707793,False
breast_cancer,random_forest,label+gaussian,1,0.9537481239667033,0.9342194434432297,0.019528680523473563,0.02375548190247112,-0.004226801378997558,False
breast_cancer,random_forest,label+gaussian,2,0.9537481239667033,0.9300000123287103,0.023748111637992952,0.03189464432505351,-0.00814653268706056,False
breast_cancer,random_forest,label+gaussian,3,0.9537481239667033,0.8930175216252921,0.060730602341411144,0.06929738059872259,-0.008566778257311447,False
breast_cancer,random_forest,label+gaussian,4,0.9537481239667033,0.883075184745135,0.07067293922156825,0.18481303168286578,-0.11414009246129753,False
breast_cancer,random_forest,label+gaussian,5,0.9537481239667033,0.6509328414443615,0.3028152825223418,0.3521848960639955,-0.0493696135416537,False
breast_cancer,random_forest,label+gaussian+missing,1,0.9537481239667033,0.9262951573169387,0.0274529666497646,0.031752477103644705,-0.0042995104538801066,False
breast_cancer,random_forest,label+gaussian+missing,2,0.9537481239667033,0.9324914701064335,0.02125665386026976,0.041861181186392815,-0.020604527326123057,False
breast_cancer,random_forest,label+gaussian+missing,3,0.9537481239667033,0.911557779904904,0.04219034406179922,0.08742638219102583,-0.04523603812922661,False
breast_cancer,random_forest,label+gaussian+missing,4,0.9537481239667033,0.8933485214732496,0.060399602493453663,0.19870496940895688,-0.13830536691550321,False
breast_cancer,random_forest,label+gaussian+missing,5,0.9537481239667033,0.7688326817637162,0.18491544220298706,0.3697482378160917,-0.18483279561310462,False
breast_cancer,random_forest,label+gaussian+outliers,1,0.9537481239667033,0.9323294898658889,0.02141863410081435,0.034217486121488006,-0.012798852020673657,False
breast_cancer,random_forest,label+gaussian+outliers,2,0.9537481239667033,0.9297816085243782,0.023966515442325087,0.0404092317774426,-0.016442716335117513,False
breast_cancer,random_forest,label+gaussian+outliers,3,0.9537481239667033,0.89434123260043,0.05940689136627331,0.07572226034053853,-0.01631536897426522,False
breast_cancer,random_forest,label+gaussian+outliers,4,0.9537481239667033,0.8822117824397884,0.0715363415269149,0.19940916789051322,-0.1278728263635983,False
breast_cancer,random_forest,label+gaussian+outliers,5,0.9537481239667033,0.6163417218933399,0.33740640207336337,0.3671356666101231,-0.029729264536759725,False
breast_cancer,random_forest,label+gaussian+outliers+missing,1,0.9537481239667033,0.9325415329067569,0.021206591059946378,0.04221448132266159,-0.021007890262715212,False
breast_cancer,random_forest,label+gaussian+outliers+missing,2,0.9537481239667033,0.9256850561797264,0.02806306778697687,0.050375768638781904,-0.022312700851805034,False
breast_cancer,random_forest,label+gaussian+outliers+missing,3,0.9537481239667033,0.8972051091488386,0.05654301481786472,0.09385126193284177,-0.037308247114977044,False
breast_cancer,random_forest,label+gaussian+outliers+missing,4,0.9537481239667033,0.8709439515764598,0.08280417239024351,0.21330110561660431,-0.1304969332263608,False
breast_cancer,random_forest,label+gaussian+outliers+missing,5,0.9537481239667033,0.7902779063075583,0.16347021765914493,0.38469900836221926,-0.22122879070307433,False
breast_cancer,random_forest,label+missing,1,0.9537481239667033,0.9431204792479289,0.01062764471877442,0.012433492264823709,-0.0018058475460492884,False
breast_cancer,random_forest,label+missing,2,0.9537481239667033,0.9336291229366788,0.020119001030024508,0.022185632954806467,-0.0020666319247819587,False
breast_cancer,random_forest,label+missing,3,0.9537481239667033,0.9220613429472803,0.031686781019423016,0.04424865939715561,-0.012561878377732594,False
breast_cancer,random_forest,label+missing,4,0.9537481239667033,0.8505184911792961,0.10322963278740716,0.10258816456339281,0.000641468224014341,False
breast_cancer,random_forest,label+missing,5,0.9537481239667033,0.7549717911231069,0.19877633284359641,0.2529792458588642,-0.054202913015267806,False
breast_cancer,random_forest,label+outliers,1,0.9537481239667033,0.9368172393700075,0.016930884596695783,0.01489850128266701,0.002032383314028774,False
breast_cancer,random_forest,label+outliers,2,0.9537481239667033,0.9387261445935512,0.015021979373152083,0.020733683545856252,-0.005711704172704168,False
breast_cancer,random_forest,label+outliers,3,0.9537481239667033,0.941478034423444,0.012270089543259255,0.032544537546668306,-0.02027444800340905,False
breast_cancer,random_forest,label+outliers,4,0.9537481239667033,0.8900534992903154,0.06369462467638787,0.10329236304494915,-0.039597738368561286,False
breast_cancer,random_forest,label+outliers,5,0.9537481239667033,0.7979513140294525,0.15579680993725076,0.25036667465289564,-0.09456986471564488,False
breast_cancer,random_forest,label+outliers+missing,1,0.9537481239667033,0.9351411045573285,0.018607019409374814,0.022895496483840594,-0.00428847707446578,False
breast_cancer,random_forest,label+outliers+missing,2,0.9537481239667033,0.9353927322374181,0.01835539172928513,0.030700220407195555,-0.012344828677910424,False
breast_cancer,random_forest,label+outliers+missing,3,0.9537481239667033,0.9293561628797188,0.024391961086984493,0.050673539138971546,-0.026281578051987053,False
breast_cancer,random_forest,label+outliers+missing,4,0.9537481239667033,0.8832514202384769,0.07049670372822636,0.11718430077104025,-0.04668759704281389,False
breast_cancer,random_forest,label+outliers+missing,5,0.9537481239667033,0.8514135007825381,0.1023346231841652,0.2679300164049918,-0.16559539322082661,False
breast_cancer,random_forest,outliers+missing,1,0.9537481239667033,0.9479245970480491,0.005823526918654176,0.01845899942019047,-0.012635472501536293,False
breast_cancer,random_forest,outliers+missing,2,0.9537481239667033,0.9350801289270682,0.01866799503963512,0.018481124313728392,0.00018687072590672926,False
breast_cancer,random_forest,outliers+missing,3,0.9537481239667033,0.939237907521241,0.014510216445462243,0.024553881334119176,-0.010043664888656934,False
breast_cancer,random_forest,outliers+missing,4,0.9537481239667033,0.9370235252224481,0.016724598744255137,0.028488073933738534,-0.011763475189483397,False
breast_cancer,random_forest,outliers+missing,5,0.9537481239667033,0.9286467050089557,0.025101418957747534,0.03251411229822376,-0.0074126933404762285,False
breast_cancer,svm_rbf,gaussian+missing,1,0.962266683584426,0.9539744148111461,0.008292268773279932,0.010489485081770722,-0.0021972163084907903,False
breast_cancer,svm_rbf,gaussian+missing,2,0.962266683584426,0.9513742371696708,0.010892446414755175,0.02143024014763173,-0.010537793732876555,False
breast_cancer,svm_rbf,gaussian+missing,3,0.962266683584426,0.9363163334492683,0.025950350135157674,0.04428846368544992,-0.018338113550292245,False
breast_cancer,svm_rbf,gaussian+missing,4,0.962266683584426,0.9275968479008215,0.03466983568360449,0.06573464006049135,-0.031064804376886856,False
breast_cancer,svm_rbf,gaussian+missing,5,0.962266683584426,0.9182286998795709,0.04403798370485512,0.07848190923386189,-0.03444392552900677,False
breast_cancer,svm_rbf,gaussian+outliers,1,0.962266683584426,0.9512956454533631,0.010971038131062927,0.01090083106239259,7.020706867033599e-05,False
breast_cancer,svm_rbf,gaussian+outliers,2,0.962266683584426,0.9423144237054233,0.01995225987900273,0.0266216870962116,-0.0066694272172088676,False
breast_cancer,svm_rbf,gaussian+outliers,3,0.962266683584426,0.9374604466345043,0.02480623694992168,0.04211890205679836,-0.01731266510687668,False
breast_cancer,svm_rbf,gaussian+outliers,4,0.962266683584426,0.9057609278255049,0.05650575575892114,0.06683521373707213,-0.010329457978150991,False
breast_cancer,svm_rbf,gaussian+outliers,5,0.962266683584426,0.8613371976454306,0.10092948593899542,0.0712982602725537,0.02963122566644172,False
breast_cancer,svm_rbf,gaussian+outliers+missing,1,0.962266683584426,0.9471015443634562,0.015165139220969848,0.015032520566973573,0.00013261865399627482,False
breast_cancer,svm_rbf,gaussian+outliers+missing,2,0.962266683584426,0.942461898589715,0.019804784994711055,0.03918629087855374,-0.019381505883842687,False
breast_cancer,svm_rbf,gaussian+outliers+missing,3,0.962266683584426,0.9334114454528156,0.028855238131610395,0.06645510586324554,-0.03759986773163515,False
breast_cancer,svm_rbf,gaussian+outliers+missing,4,0.962266683584426,0.9292784138721308,0.03298826971229518,0.0972829598245859,-0.06429469011229072,False
breast_cancer,svm_rbf,gaussian+outliers+missing,5,0.962266683584426,0.8923586887766621,0.06990799480776388,0.1116407859051527,-0.04173279109738881,False
breast_cancer,svm_rbf,label+gaussian,1,0.962266683584426,0.9515019216286197,0.010764761955806335,0.014864100245994272,-0.004099338290187937,False
breast_cancer,svm_rbf,label+gaussian,2,0.962266683584426,0.9408885892492451,0.021378094335180897,0.017251619359429093,0.004126474975751804,False
breast_cancer,svm_rbf,label+gaussian,3,0.962266683584426,0.911646350573231,0.05062033301119506,0.03901988930385991,0.01160044370733515,False
breast_cancer,svm_rbf,label+gaussian,4,0.962266683584426,0.8906354826549334,0.0716312009294926,0.08043423488053358,-0.008803033951040984,False
breast_cancer,svm_rbf,label+gaussian,5,0.962266683584426,0.6703354045441837,0.2919312790402423,0.15186440687527536,0.14006687216496694,False
breast_cancer,svm_rbf,label+gaussian+missing,1,0.962266683584426,0.9558183842426414,0.006448299341784591,0.018995789750575254,-0.012547490408790662,False
breast_cancer,svm_rbf,label+gaussian+missing,2,0.962266683584426,0.9410723090739372,0.021194374510488778,0.029816223141771236,-0.008621848631282458,False
breast_cancer,svm_rbf,label+gaussian+missing,3,0.962266683584426,0.9172291325932251,0.04503755099120088,0.0633560931103071,-0.018318542119106218,False
breast_cancer,svm_rbf,label+gaussian+missing,4,0.962266683584426,0.8982353244191416,0.06403135916528446,0.11088198096804736,-0.04685062180276289,False
breast_cancer,svm_rbf,label+gaussian+missing,5,0.962266683584426,0.8188819759920278,0.1433847075923982,0.19220693250787435,-0.048822224915476164,False
breast_cancer,svm_rbf,label+gaussian+outliers,1,0.962266683584426,0.9427271014289565,0.01953958215546947,0.019407135731197123,0.00013244642427234776,False
breast_cancer,svm_rbf,label+gaussian+outliers,2,0.962266683584426,0.9275182654123683,0.03474841817205776,0.035007670090351106,-0.00025925191829334615,False
breast_cancer,svm_rbf,label+gaussian+outliers,3,0.962266683584426,0.9094601332555339,0.05280655032889214,0.06118653148165554,-0.008379981152763394,False
breast_cancer,svm_rbf,label+gaussian+outliers,4,0.962266683584426,0.8531060753948062,0.10916060818961981,0.11198255464462814,-0.0028219464550083284,False
breast_cancer,svm_rbf,label+gaussian+outliers,5,0.962266683584426,0.6453084154035637,0.31695826818086237,0.18502328354656616,0.1319349846342962,False
breast_cancer,svm_rbf,label+gaussian+outliers+missing,1,0.962266683584426,0.9428828450489126,0.019383838535513398,0.023538825235778105,-0.004154986700264707,False
breast_cancer,svm_rbf,label+gaussian+outliers+missing,2,0.962266683584426,0.9359955700524893,0.026271113531936674,0.04757227387269325,-0.021301160340756575,False
breast_cancer,svm_rbf,label+gaussian+outliers+missing,3,0.962266683584426,0.9072793935234126,0.05498729006101344,0.08552273528810272,-0.030535445227089286,False
breast_cancer,svm_rbf,label+gaussian+outliers+missing,4,0.962266683584426,0.8990466141613597,0.06322006942306635,0.1424303007321419,-0.07921023130907556,False
breast_cancer,svm_rbf,label+gaussian+outliers+missing,5,0.962266683584426,0.8172467292900688,0.1450199542943572,0.22536580917916516,-0.08034585488480794,False
breast_cancer,svm_rbf,label+missing,1,0.962266683584426,0.9580494595536476,0.004217224030778399,0.012637994173385514,-0.008420770142607115,False
breast_cancer,svm_rbf,label+missing,2,0.962266683584426,0.9481287914763267,0.014137892108099348,0.02095058677648165,-0.006812694668382302,False
breast_cancer,svm_rbf,label+missing,3,0.962266683584426,0.92545913087783,0.03680755270659597,0.04340383323130437,-0.006596280524708398,False
breast_cancer,svm_rbf,label+missing,4,0.962266683584426,0.8900768135987985,0.07218986998562749,0.07559508699506978,-0.003405217009442296,False
breast_cancer,svm_rbf,label+missing,5,0.962266683584426,0.8230352857691554,0.1392313978152706,0.15406754890661145,-0.014836151091340843,False
breast_cancer,svm_rbf,label+outliers,1,0.962266683584426,0.9450422298374613,0.017224453746964685,0.013049340154007383,0.0041751135929573024,False
breast_cancer,svm_rbf,label+outliers,2,0.962266683584426,0.9465635680834357,0.01570311550099035,0.02614203372506152,-0.01043891822407117,False
breast_cancer,svm_rbf,label+outliers,3,0.962266683584426,0.9219546367197341,0.04031204686469192,0.041234271602652806,-0.0009222247379608861,False
breast_cancer,svm_rbf,label+outliers,4,0.962266683584426,0.8999246176200889,0.06234206596433711,0.07669566067165057,-0.014353594707313455,False
breast_cancer,svm_rbf,label+outliers,5,0.962266683584426,0.804242179060541,0.15802450452388506,0.14688389994530326,0.011140604578581792,False
breast_cancer,svm_rbf,label+outliers+missing,1,0.962266683584426,0.9428650019324424,0.019401681651983638,0.017181029658588365,0.002220651993395273,False
breast_cancer,svm_rbf,label+outliers+missing,2,0.962266683584426,0.9428609591913769,0.019405724393049106,0.03870663750740366,-0.019300913114354556,False
breast_cancer,svm_rbf,label+outliers+missing,3,0.962266683584426,0.9193120542154807,0.04295462936894534,0.06557047540909999,-0.022615846040154652,False
breast_cancer,svm_rbf,label+outliers+missing,4,0.962266683584426,0.9049151953970394,0.05735148818738667,0.10714340675916434,-0.04979191857177767,False
breast_cancer,svm_rbf,label+outliers+missing,5,0.962266683584426,0.8836449204463567,0.07862176313806934,0.18722642557790226,-0.10860466243983291,False
breast_cancer,svm_rbf,outliers+missing,1,0.962266683584426,0.9427290354094975,0.019537648174928535,0.008674724989783833,0.010862923185144702,False
breast_cancer,svm_rbf,outliers+missing,2,0.962266683584426,0.9404223242160604,0.021844359368365596,0.030320654513264156,-0.00847629514489856,False
breast_cancer,svm_rbf,outliers+missing,3,0.962266683584426,0.9314713858993772,0.03079529768504885,0.04650284598424281,-0.015707548299193963,False
breast_cancer,svm_rbf,outliers+missing,4,0.962266683584426,0.9315544819139568,0.030712201670469175,0.06199606585160833,-0.031283864181139154,False
breast_cancer,svm_rbf,outliers+missing,5,0.962266683584426,0.9249783308078604,0.037288352776565614,0.0735014023038898,-0.03621304952732418,False
digits,decision_tree,gaussian+missing,1,0.8454202794161341,0.8222084922912084,0.023211787124925665,0.026165798832479603,-0.0029540117075539385,False
digits,decision_tree,gaussian+missing,2,0.8454202794161341,0.7794467182235995,0.06597356119253461,0.04979888233788088,0.016174678854653735,False
digits,decision_tree,gaussian+missing,3,0.8454202794161341,0.6442270470811401,0.20119323233499398,0.19729577523593456,0.0038974570990594204,False
digits,decision_tree,gaussian+missing,4,0.8454202794161341,0.5041197083354254,0.34130057108070866,0.3968647247362723,-0.055564153655563664,False
digits,decision_tree,gaussian+missing,5,0.8454202794161341,0.29771714844703256,0.5477031309691015,0.5704099070581525,-0.02270677608905103,False
digits,decision_tree,gaussian+outliers,1,0.8454202794161341,0.8276837480805286,0.017736531335605488,0.015077829536023879,0.0026587017995816087,False
digits,decision_tree,gaussian+outliers,2,0.8454202794161341,0.807384913219784,0.03803536619635006,0.012341453106453626,0.025693913089896436,False
digits,decision_tree,gaussian+outliers,3,0.8454202794161341,0.684542510580997,0.16087776883513705,0.16020629703368205,0.0006714718014549925,False
digits,decision_tree,gaussian+outliers,4,0.8454202794161341,0.480500646329923,0.36491963308621106,0.2857774171496339,0.07914221593657716,False
digits,decision_tree,gaussian+outliers,5,0.8454202794161341,0.2965486535814164,0.5488716258347177,0.4447465512695213,0.10412507456519643,False
digits,decision_tree,gaussian+outliers+missing,1,0.8454202794161341,0.8092973950894997,0.03612288432663435,0.023207893411071323,0.01291499091556303,False
digits,decision_tree,gaussian+outliers+missing,2,0.8454202794161341,0.7454383241973673,0.09998195521876674,0.04220347918985179,0.05777847602891495,False
digits,decision_tree,gaussian+outliers+missing,3,0.8454202794161341,0.582108510568698,0.2633117688474361,0.2312265642966017,0.03208520455083441,False
digits,decision_tree,gaussian+outliers+missing,4,0.8454202794161341,0.382524343027088,0.4628959363890461,0.4280956335942645,0.03480030279478158,False
digits,decision_tree,gaussian+outliers+missing,5,0.8454202794161341,0.2566438743175768,0.5887764050985573,0.6360941668663993,-0.04731776176784197,False
digits,decision_tree,label+gaussian,1,0.8454202794161341,0.8165712350625913,0.02884904435354274,0.05021189988983221,-0.02136285553628947,False
digits,decision_tree,label+gaussian,2,0.8454202794161341,0.7877931525452286,0.05762712687090543,0.1126256888843351,-0.054998562013429675,False
digits,decision_tree,label+gaussian,3,0.8454202794161341,0.6321763197002285,0.2132439597159056,0.30355146677391387,-0.09030750705800827,False
digits,decision_tree,label+gaussian,4,0.8454202794161341,0.4380397247517253,0.40738055466440876,0.5651360897432802,-0.15775553507887147,False
digits,decision_tree,label+gaussian,5,0.8454202794161341,0.2093594888577008,0.6360607905584332,0.7235602937115106,-0.08749950315307742,False
digits,decision_tree,label+gaussian+missing,1,0.8454202794161341,0.8028422595882142,0.042578019827919866,0.058341963764879656,-0.01576394393695979,False
digits,decision_tree,label+gaussian+missing,2,0.8454202794161341,0.7408768194723776,0.10454345994375647,0.14248771496773327,-0.0379442550239768,False
digits,decision_tree,label+gaussian+missing,3,0.8454202794161341,0.570237559105188,0.27518272031094604,0.3745717340368335,-0.09938901372588749,False
digits,decision_tree,label+gaussian+missing,4,0.8454202794161341,0.34100256961358144,0.5044177098025526,0.7074543061879108,-0.2030365963853582,False
digits,decision_tree,label+gaussian+missing,5,0.8454202794161341,0.21080736050063895,0.6346129189154951,0.9149079093083887,-0.28029499039289363,True
digits,decision_tree,label+gaussian+outliers,1,0.8454202794161341,0.8124580650089955,0.032962214407138535,0.04725399446842393,-0.014291780061285397,False
digits,decision_tree,label+gaussian+outliers,2,0.8454202794161341,0.7514753328429972,0.0939449465731369,0.10503028573630602,-0.011085339163169117,False
digits,decision_tree,label+gaussian+outliers,3,0.8454202794161341,0.6075686602068342,0.23785161920929987,0.337482255834581,-0.09963063662528115,False
digits,decision_tree,label+gaussian+outliers,4,0.8454202794161341,0.40387377137971464,0.4415465080364194,0.5963669986012724,-0.15482049056485298,False
digits,decision_tree,label+gaussian+outliers,5,0.8454202794161341,0.1872031083058101,0.658217171110324,0.7892445535197575,-0.13102738240943357,False
digits,decision_tree,label+gaussian+outliers+missing,1,0.8454202794161341,0.7868724136642831,0.058547865751851,0.055384058343471376,0.0031638074083796264,False
digits,decision_tree,label+gaussian+outliers+missing,2,0.8454202794161341,0.6856980641949787,0.15972221522115537,0.13489231181970418,0.024829903401451192,False
digits,decision_tree,label+gaussian+outliers+missing,3,0.8454202794161341,0.44255070862135754,0.40286957079477653,0.4085025230975007,-0.005632952302724148,False
digits,decision_tree,label+gaussian+outliers+missing,4,0.8454202794161341,0.23687245378004576,0.6085478256360883,0.738685215045903,-0.13013738940981467,False
digits,decision_tree,label+gaussian+outliers+missing,5,0.8454202794161341,0.1591940021508047,0.6862262772653294,0.9805921691166356,-0.29436589185130624,True
digits,decision_tree,label+missing,1,0.8454202794161341,0.805093961520802,0.04032631789533203,0.0403062288074475,2.0089087884533896e-05,False
digits,decision_tree,label+missing,2,0.8454202794161341,0.7350950749091624,0.1103252045069717,0.12255085871325055,-0.012225654206278858,False
digits,decision_tree,label+missing,3,0.8454202794161341,0.5802778574480083,0.26514242196812576,0.24829622606381863,0.016846195904307137,False
digits,decision_tree,label+missing,4,0.8454202794161341,0.46129773722450573,0.38412254219162834,0.4529077978962691,-0.06878525570464078,False
digits,decision_tree,label+missing,5,0.8454202794161341,0.38191991098049893,0.46350036843563514,0.5358456178471144,-0.07234524941147924,False
digits,decision_tree,label+outliers,1,0.8454202794161341,0.8252220340600287,0.02019824535610537,0.029218259510991773,-0.009020014154886402,False
digits,decision_tree,label+outliers,2,0.8454202794161341,0.7858147468208605,0.05960553259527357,0.0850934294818233,-0.025487896886549732,False
digits,decision_tree,label+outliers,3,0.8454202794161341,0.7183372241070775,0.12708305530905661,0.21120674786156612,-0.08412369255250951,False
digits,decision_tree,label+outliers,4,0.8454202794161341,0.6468647186132809,0.1985555608028532,0.3418204903096307,-0.1432649295067775,False
digits,decision_tree,label+outliers,5,0.8454202794161341,0.549235757182029,0.2961845222341051,0.4101822620584832,-0.11399773982437811,False
digits,decision_tree,label+outliers+missing,1,0.8454202794161341,0.8105680893711301,0.03485219004500395,0.03734832338603922,-0.002496133341035267,False
digits,decision_tree,label+outliers+missing,2,0.8454202794161341,0.7483313246638849,0.09708895475224921,0.11495545556522146,-0.017866500812972252,False
digits,decision_tree,label+outliers+missing,3,0.8454202794161341,0.6308803636742866,0.2145399157418475,0.2822270151244858,-0.06768709938263828,False
digits,decision_tree,label+outliers+missing,4,0.8454202794161341,0.4972380201865377,0.3481822592295964,0.4841387067542613,-0.1359564475246649,False
digits,decision_tree,label+outliers+missing,5,0.8454202794161341,0.36124266319724646,0.4841776162188876,0.6015298776553613,-0.11735226143647365,False
digits,decision_tree,outliers+missing,1,0.8454202794161341,0.8296716883220313,0.01574859109410276,0.005172158453639164,0.010576432640463596,False
digits,decision_tree,outliers+missing,2,0.8454202794161341,0.7806220131595083,0.06479826625662577,0.022266622935369074,0.042531643321256696,False
digits,decision_tree,outliers+missing,3,0.8454202794161341,0.7525366466538267,0.09288363276230738,0.10495105632358681,-0.012067423561279433,False
digits,decision_tree,outliers+missing,4,0.8454202794161341,0.6365470179931775,0.2088732614229566,0.1735491253026228,0.035324136120333804,False
digits,decision_tree,outliers+missing,5,0.8454202794161341,0.6209024663189949,0.22451781309713914,0.25703187540512495,-0.032514062307985814,False
digits,logreg,gaussian+missing,1,0.9649621147648495,0.9574305877711112,0.007531526993738269,0.011818536792118195,-0.004287009798379926,False
digits,logreg,gaussian+missing,2,0.9649621147648495,0.952036523979265,0.012925590785584529,0.018695086374942882,-0.005769495589358353,False
digits,logreg,gaussian+missing,3,0.9649621147648495,0.9278059954071454,0.03715611935770413,0.023106044654596203,0.014050074703107929,False
digits,logreg,gaussian+missing,4,0.9649621147648495,0.9039368406185063,0.06102527414634318,0.058006785167357355,0.0030184889789858227,False
digits,logreg,gaussian+missing,5,0.9649621147648495,0.8766984255930677,0.08826368917178185,0.07781139709065443,0.010452292081127412,False
digits,logreg,gaussian+outliers,1,0.9649621147648495,0.9469080158073107,0.018054098957538844,0.022194355326542126,-0.004140256369003281,False
digits,logreg,gaussian+outliers,2,0.9649621147648495,0.9366174571745081,0.028344657590341438,0.02925463386489413,-0.0009099762745526929,False
digits,logreg,gaussian+outliers,3,0.9649621147648495,0.9066483552650179,0.05831375949983164,0.06542141590615369,-0.007107656406322049,False
digits,logreg,gaussian+outliers,4,0.9649621147648495,0.8960759792919787,0.06888613547287081,0.09913712472906822,-0.030250989256197403,False
digits,logreg,gaussian+outliers,5,0.9649621147648495,0.8707550273600361,0.09420708740481343,0.1270400431927572,-0.03283295578794376,False
digits,logreg,gaussian+outliers+missing,1,0.9649621147648495,0.9431574797904845,0.021804634974365023,0.028537179872050067,-0.006732544897685044,False
digits,logreg,gaussian+outliers+missing,2,0.9649621147648495,0.9333200360006807,0.0316420787641688,0.042642685787334655,-0.011000607023165854,False
digits,logreg,gaussian+outliers+missing,3,0.9649621147648495,0.8932481615546686,0.07171395321018093,0.07344446090282064,-0.0017305076926397156,False
digits,logreg,gaussian+outliers+missing,4,0.9649621147648495,0.8736964622423097,0.09126565252253982,0.11979445665612698,-0.02852880413358716,False
digits,logreg,gaussian+outliers+missing,5,0.9649621147648495,0.8264001719964164,0.13856194276843314,0.1500221154351723,-0.011460172666739155,False
digits,logreg,label+gaussian,1,0.9649621147648495,0.9274758948223042,0.03748621994254531,0.05163745985612689,-0.014151239913581581,False
digits,logreg,label+gaussian,2,0.9649621147648495,0.9304963901031775,0.03446572466167197,0.0661687032554914,-0.03170297859381943,False
digits,logreg,label+gaussian,3,0.9649621147648495,0.9157585241817577,0.04920359058309176,0.09215945731720354,-0.04295586673411178,False
digits,logreg,label+gaussian,4,0.9649621147648495,0.8823185156533433,0.0826435991115062,0.12993421721005238,-0.04729061809854618,False
digits,logreg,label+gaussian,5,0.9649621147648495,0.8643216782138717,0.10064043655097776,0.18974993580107047,-0.0891094992500927,False
digits,logreg,label+gaussian+missing,1,0.9649621147648495,0.9331265657797155,0.031835548985133966,0.05798028440163483,-0.026144735416500864,False
digits,logreg,label+gaussian+missing,2,0.9649621147648495,0.9314528984739429,0.03350921629090664,0.07955675517793193,-0.046047538887025286,False
digits,logreg,label+gaussian+missing,3,0.9649621147648495,0.9214980664536156,0.04346404831123385,0.10018250231387049,-0.05671845400263664,False
digits,logreg,label+gaussian+missing,4,0.9649621147648495,0.854331302284907,0.11063081247994255,0.15059154913711115,-0.039960736657168594,False
digits,logreg,label+gaussian+missing,5,0.9649621147648495,0.8261221572671612,0.1388399574976883,0.21273200804348558,-0.07389205054579728,False
digits,logreg,label+gaussian+outliers,1,0.9649621147648495,0.9344668239337048,0.03049529083114466,0.06835610293605876,-0.0378608121049141,False
digits,logreg,label+gaussian+outliers,2,0.9649621147648495,0.9224740982063651,0.04248801655848444,0.09011630266788317,-0.04762828610939873,False
digits,logreg,label+gaussian+outliers,3,0.9649621147648495,0.8877372745253954,0.07722484023945408,0.14249787356542798,-0.0652730333259739,False
digits,logreg,label+gaussian+outliers,4,0.9649621147648495,0.8515711704000785,0.11339094436477104,0.191721888698822,-0.07833094433405097,False
digits,logreg,label+gaussian+outliers,5,0.9649621147648495,0.7670375900391456,0.19792452472570388,0.26196065414558833,-0.06403612941988446,False
digits,logreg,label+gaussian+outliers+missing,1,0.9649621147648495,0.9332160346095497,0.03174608015529978,0.0746989274815667,-0.04295284732626692,False
digits,logreg,label+gaussian+outliers+missing,2,0.9649621147648495,0.9186832536998448,0.04627886106500467,0.1035043545903237,-0.05722549352531903,False
digits,logreg,label+gaussian+outliers+missing,3,0.9649621147648495,0.871832566400221,0.0931295483646285,0.15052091856209493,-0.05739137019746643,False
digits,logreg,label+gaussian+outliers+missing,4,0.9649621147648495,0.798343092498014,0.16661902226683545,0.21237922062588077,-0.04576019835904532,False
digits,logreg,label+gaussian+outliers+missing,5,0.9649621147648495,0.6928101733634735,0.272151941401376,0.28494272638800344,-0.012790784986627446,False
digits,logreg,label+missing,1,0.9649621147648495,0.9266260400458709,0.0383360747189786,0.052504572155024576,-0.01416849743604598,False
digits,logreg,label+missing,2,0.9649621147648495,0.9219627749319598,0.04299933983288973,0.07424972072542957,-0.03125038089253984,False
digits,logreg,label+missing,3,0.9649621147648495,0.9115593635765068,0.0534027511883427,0.08509950265594124,-0.03169675146759854,False
digits,logreg,label+missing,4,0.9649621147648495,0.8877649727456586,0.07719714201919092,0.11324209589681256,-0.03604495387762163,False
digits,logreg,label+missing,5,0.9649621147648495,0.8723779714997196,0.09258414326512987,0.15790268319524625,-0.06531853993011638,False
digits,logreg,label+outliers,1,0.9649621147648495,0.9327464494778432,0.03221566528700626,0.0628803906894485,-0.03066472540244225,False
digits,logreg,label+outliers,2,0.9649621147648495,0.924783499708671,0.04017861505617848,0.08480926821538082,-0.04463065315920234,False
digits,logreg,label+outliers,3,0.9649621147648495,0.8933983180184564,0.07156379674639313,0.12741487390749873,-0.0558510771611056,False
digits,logreg,label+outliers,4,0.9649621147648495,0.8646690676315099,0.10029304713333964,0.15437243545852342,-0.054079388325183775,False
digits,logreg,label+outliers,5,0.9649621147648495,0.8061428304835013,0.15881928428134817,0.207131329297349,-0.04831204501600084,False
digits,logreg,label+outliers+missing,1,0.9649621147648495,0.932475152339492,0.032486962425357535,0.06922321523495645,-0.03673625280959891,False
digits,logreg,label+outliers+missing,2,0.9649621147648495,0.9160896852352568,0.0488724295295927,0.09819732013782134,-0.049324890608228644,False
digits,logreg,label+outliers+missing,3,0.9649621147648495,0.8832768976141269,0.08168521715072263,0.13543791890416568,-0.053752701753443044,False
digits,logreg,label+outliers+missing,4,0.9649621147648495,0.8209921102593621,0.14397000450548736,0.17502976738558218,-0.03105976288009482,False
digits,logreg,label+outliers+missing,5,0.9649621147648495,0.7545734997393162,0.2103886150255333,0.23011340153976412,-0.01972478651423082,False
digits,logreg,outliers+missing,1,0.9649621147648495,0.9480313329463957,0.016930781818453755,0.023061467625439813,-0.006130685806986058,False
digits,logreg,outliers+missing,2,0.9649621147648495,0.9231355002718106,0.04182661449303893,0.0373356513348323,0.004490963158206629,False
digits,logreg,outliers+missing,3,0.9649621147648495,0.898794809827669,0.06616730493718048,0.05836146124489139,0.007805843692289094,False
digits,logreg,outliers+missing,4,0.9649621147648495,0.8757973791434547,0.08916473562139482,0.08244500341582839,0.006719732205566431,False
digits,logreg,outliers+missing,5,0.9649621147648495,0.8454609562419866,0.11950115852286292,0.09519279058693297,0.024308367935929942,False
digits,random_forest,gaussian+missing,1,0.9684272142601502,0.960959974161547,0.007467240098603223,0.003387404843052555,0.004079835255550668,False
digits,random_forest,gaussian+missing,2,0.9684272142601502,0.9514077773013453,0.017019436958804923,0.011279565062776609,0.005739871896028315,False
digits,random_forest,gaussian+missing,3,0.9684272142601502,0.9152362848743157,0.05319092938583447,0.04003754233004031,0.013153387055794163,False
digits,random_forest,gaussian+missing,4,0.9684272142601502,0.8602316574548959,0.10819555680525428,0.08999791627231168,0.018197640532942594,False
digits,random_forest,gaussian+missing,5,0.9684272142601502,0.7507774016037674,0.21764981265638284,0.14658514417924995,0.07106466847713289,False
digits,random_forest,gaussian+outliers,1,0.9684272142601502,0.9671040537771661,0.001323160482984087,0.0014379491889223717,-0.00011478870593828461,False
digits,random_forest,gaussian+outliers,2,0.9684272142601502,0.9610122101812606,0.00741500407888962,0.009855208415761929,-0.002440204336872309,False
digits,random_forest,gaussian+outliers,3,0.9684272142601502,0.9264309303540301,0.04199628390612009,0.028090974999668727,0.013905308906451364,False
digits,random_forest,gaussian+outliers,4,0.9684272142601502,0.8821579762089039,0.08626923805124631,0.07592076609745824,0.010348471953788074,False
digits,random_forest,gaussian+outliers,5,0.9684272142601502,0.780690617278187,0.1877365969819632,0.12656114920931583,0.061175447772647384,False
digits,random_forest,gaussian+outliers+missing,1,0.9684272142601502,0.957006313697777,0.011420900562373215,0.00532264084983558,0.006098259712537635,False
digits,random_forest,gaussian+outliers+missing,2,0.9684272142601502,0.9433411209577073,0.025086093302442936,0.01861292896287281,0.0064731643395701255,False
digits,random_forest,gaussian+outliers+missing,3,0.9684272142601502,0.8908070214930013,0.07762019276714893,0.04435923336857195,0.033260959398576984,False
digits,random_forest,gaussian+outliers+missing,4,0.9684272142601502,0.8003841528209085,0.16804306143924175,0.10736491091885003,0.060678150520391716,False
digits,random_forest,gaussian+outliers+missing,5,0.9684272142601502,0.680952620903217,0.28747459335693326,0.16285873305417875,0.12461586030275451,False
digits,random_forest,label+gaussian,1,0.9684272142601502,0.968382325824381,4.488843576921919e-05,-0.001618529524413992,0.001663417960183211,False
digits,random_forest,label+gaussian,2,0.9684272142601502,0.9639623493687998,0.004464864891350451,0.0013670952831374983,0.0030977696082129524,False
digits,random_forest,label+gaussian,3,0.9684272142601502,0.9264380855902906,0.0419891286698596,0.023835726814267266,0.018153401855592333,False
digits,random_forest,label+gaussian,4,0.9684272142601502,0.8253127058685427,0.14311450839160755,0.07290258745741462,0.07021192093419293,False
digits,random_forest,label+gaussian,5,0.9684272142601502,0.6634372662986096,0.30498994796154066,0.14248020789613147,0.1625097400654092,False
digits,random_forest,label+gaussian+missing,1,0.9684272142601502,0.9509452526067751,0.017481961653375122,0.002266162136499217,0.015215799516875905,False
digits,random_forest,label+gaussian+missing,2,0.9684272142601502,0.9434879508476898,0.024939263412460444,0.01012481583024838,0.014814447582212065,False
digits,random_forest,label+gaussian+missing,3,0.9684272142601502,0.8958034587118325,0.07262375554831768,0.04010398518317049,0.032519770365147194,False
digits,random_forest,label+gaussian+missing,4,0.9684272142601502,0.7577749100367307,0.21065230422341952,0.10434673227880642,0.1063055719446131,False
digits,random_forest,label+gaussian+missing,5,0.9684272142601502,0.5489663190061876,0.4194608952539626,0.1787777917409944,0.24068310351296818,False
digits,random_forest,label+gaussian+outliers,1,0.9684272142601502,0.9639958796893042,0.004431334570845991,0.00031670648236903354,0.004114628088476957,False
digits,random_forest,label+gaussian+outliers,2,0.9684272142601502,0.960354794404172,0.008072419855978175,0.0087004591832337,-0.0006280393272555251,False
digits,random_forest,label+gaussian+outliers,3,0.9684272142601502,0.9129805691074787,0.0554466451526715,0.028157417852798905,0.027289227299872598,False
digits,random_forest,label+gaussian+outliers,4,0.9684272142601502,0.7880812542286256,0.1803459600315246,0.09026958210395297,0.09007637792757162,False
digits,random_forest,label+gaussian+outliers,5,0.9684272142601502,0.525860068780009,0.4425671454801412,0.15875379677106027,0.2838133487090809,False
digits,random_forest,label+gaussian+outliers+missing,1,0.9684272142601502,0.952619990500086,0.01580722376006427,0.004201398143282242,0.011605825616782028,False
digits,random_forest,label+gaussian+outliers+missing,2,0.9684272142601502,0.9364221377922476,0.03200507646790263,0.01745817973034458,0.014546896737558046,False
digits,random_forest,label+gaussian+outliers+missing,3,0.9684272142601502,0.8604493092312798,0.10797790502887039,0.044425676221702126,0.06355222880716827,False
digits,random_forest,label+gaussian+outliers+missing,4,0.9684272142601502,0.6933425482647348,0.27508466599541537,0.12171372692534477,0.1533709390700706,False
digits,random_forest,label+gaussian+outliers+missing,5,0.9684272142601502,0.41182587633325446,0.5566013379268957,0.1950513806159232,0.3615499573109725,False
digits,random_forest,label+missing,1,0.9684272142601502,0.9602745380750942,0.008152676185055996,0.0027634489543598706,0.005389227230696125,False
digits,random_forest,label+missing,2,0.9684272142601502,0.9533797490565972,0.015047465203553045,0.007602971314582652,0.007444493888970394,False
digits,random_forest,label+missing,3,0.9684272142601502,0.9439619366565895,0.024465277603560764,0.0163347012220334,0.008130576381527366,False
digits,random_forest,label+missing,4,0.9684272142601502,0.903202992193093,0.06522422206705725,0.04579296082788653,0.019431261239170716,False
digits,random_forest,label+missing,5,0.9684272142601502,0.8694712339995915,0.09895598026055874,0.06849023140660737,0.03046574885395137,False
digits,random_forest,label+outliers,1,0.9684272142601502,0.9658431406282605,0.0025840736318897273,0.0008139933002296873,0.00177008033166004,False
digits,random_forest,label+outliers,2,0.9684272142601502,0.9602714408069802,0.008155773453169979,0.006178614667567972,0.0019771587856020068,False
digits,random_forest,label+outliers,3,0.9684272142601502,0.9509720324224323,0.01745518183771788,0.004388133891661816,0.013067047946056065,False
digits,random_forest,label+outliers,4,0.9684272142601502,0.9484370810485712,0.019990133211579053,0.03171581065303308,-0.01172567744145403,False
digits,random_forest,label+outliers,5,0.9684272142601502,0.9216753815498523,0.046751832710297925,0.04846623643667325,-0.0017144037263753242,False
digits,random_forest,label+outliers+missing,1,0.9684272142601502,0.9609867692963353,0.007440444963814907,0.004698684961142896,0.0027417600026720113,False
digits,random_forest,label+outliers+missing,2,0.9684272142601502,0.9559122736828883,0.01251494057726188,0.014936335214678853,-0.0024213946374169737,False
digits,random_forest,label+outliers+missing,3,0.9684272142601502,0.9312542780421258,0.03717293621802442,0.020656392260565037,0.016516543957459384,False
digits,random_forest,label+outliers+missing,4,0.9684272142601502,0.8724636371535212,0.09596357710662906,0.06315995547442488,0.03280362163220418,False
digits,random_forest,label+outliers+missing,5,0.9684272142601502,0.8228949716460594,0.1455322426140908,0.08476382028153617,0.06076842233255464,False
digits,random_forest,outliers+missing,1,0.9684272142601502,0.9646342150396626,0.0037929992204875917,0.005819927667696234,-0.0020269284472086424,False
digits,random_forest,outliers+missing,2,0.9684272142601502,0.9558760979037219,0.01255111635642836,0.016091084447207082,-0.0035399680907787223,False
digits,random_forest,outliers+missing,3,0.9684272142601502,0.9429561290706593,0.025471085189490927,0.02058994940743486,0.0048811357820560675,False
digits,random_forest,outliers+missing,4,0.9684272142601502,0.9343222922916682,0.03410492196848203,0.04881113946793014,-0.014706217499448115,False
digits,random_forest,outliers+missing,5,0.9684272142601502,0.887902263136645,0.08052495112350522,0.052571172719791726,0.027953778403713492,False
digits,svm_rbf,gaussian+missing,1,0.9814576209734406,0.9740198813951132,0.007437739578327385,0.010532238758360957,-0.003094499180033572,False
digits,svm_rbf,gaussian+missing,2,0.9814576209734406,0.9633964439644335,0.018061177009007112,0.023689788297651115,-0.005628611288644003,False
digits,svm_rbf,gaussian+missing,3,0.9814576209734406,0.943270915379305,0.03818670559413562,0.04694799072793732,-0.0087612851338017,False
digits,svm_rbf,gaussian+missing,4,0.9814576209734406,0.914965878919716,0.06649174205372455,0.09375825314268016,-0.027266511088955614,False
digits,svm_rbf,gaussian+missing,5,0.9814576209734406,0.870828714923212,0.11062890605022857,0.15041383844200873,-0.03978493239178016,False
digits,svm_rbf,gaussian+outliers,1,0.9814576209734406,0.9630304867523859,0.018427134221054686,0.01915832011938068,-0.0007311858983259922,False
digits,svm_rbf,gaussian+outliers,2,0.9814576209734406,0.9444487835572559,0.03700883741618466,0.04130633708806131,-0.004297499671876648,False
digits,svm_rbf,gaussian+outliers,3,0.9814576209734406,0.8952578133711885,0.0861998076022521,0.08736695219845225,-0.0011671445962001537,False
digits,svm_rbf,gaussian+outliers,4,0.9814576209734406,0.8461003375747254,0.13535728339871522,0.14385410179692637,-0.008496818398211148,False
digits,svm_rbf,gaussian+outliers,5,0.9814576209734406,0.7992801047517121,0.1821775162217285,0.21082971726604194,-0.02865220104431343,False
digits,svm_rbf,gaussian+outliers+missing,1,0.9814576209734406,0.9609878500518191,0.0204697709216215,0.025972665785319315,-0.005502894863697816,False
digits,svm_rbf,gaussian+outliers+missing,2,0.9814576209734406,0.9441494121447294,0.03730820882871122,0.05564145508152318,-0.018333246252811963,False
digits,svm_rbf,gaussian+outliers+missing,3,0.9814576209734406,0.8978607305411312,0.08359689043230933,0.1074066004843065,-0.02380971005199717,False
digits,svm_rbf,gaussian+outliers+missing,4,0.9814576209734406,0.8479365661861195,0.13352105478732113,0.1808604620681955,-0.04733940728087438,False
digits,svm_rbf,gaussian+outliers+missing,5,0.9814576209734406,0.8040165355447942,0.17744108542864634,0.2668532708618322,-0.08941218543318585,False
digits,svm_rbf,label+gaussian,1,0.9814576209734406,0.9771073145859345,0.004350306387506109,0.006799218335978852,-0.002448911948472743,False
digits,svm_rbf,label+gaussian,2,0.9814576209734406,0.9714272506942786,0.010030370279161982,0.012515140436875183,-0.002484770157713201,False
digits,svm_rbf,label+gaussian,3,0.9814576209734406,0.9373744417846228,0.04408317918881777,0.03496776429862769,0.009115414890190077,False
digits,svm_rbf,label+gaussian,4,0.9814576209734406,0.8809342669466339,0.10052335402680668,0.07221745304691174,0.028305900979894938,False
digits,svm_rbf,label+gaussian,5,0.9814576209734406,0.8124473185235797,0.16901030244986093,0.12139328189494913,0.04761702055491179,False
digits,svm_rbf,label+gaussian+missing,1,0.9814576209734406,0.9734222961964826,0.008035324776958008,0.013613564001917489,-0.00557823922495948,False
digits,svm_rbf,label+gaussian+missing,2,0.9814576209734406,0.9596454988575341,0.02181212211590644,0.02685025843033706,-0.005038136314430619,False
digits,svm_rbf,label+gaussian+missing,3,0.9814576209734406,0.9303571784483841,0.05110044252505652,0.05500741258448194,-0.003906970059425419,False
digits,svm_rbf,label+gaussian+missing,4,0.9814576209734406,0.8716999934921993,0.1097576274812413,0.10922381331818087,0.0005338141630604198,False
digits,svm_rbf,label+gaussian+missing,5,0.9814576209734406,0.8007774522816268,0.1806801686918138,0.1774168354907394,0.0032633332010744143,False
digits,svm_rbf,label+gaussian+outliers,1,0.9814576209734406,0.9573114074057446,0.024146213567695973,0.02223964536293721,0.0019065682047587629,False
digits,svm_rbf,label+gaussian+outliers,2,0.9814576209734406,0.9456508114253147,0.03580680954812587,0.04446680722074725,-0.008659997672621378,False
digits,svm_rbf,label+gaussian+outliers,3,0.9814576209734406,0.8674283195470874,0.11402930142635315,0.09542637405499688,0.01860292737135627,False
digits,svm_rbf,label+gaussian+outliers,4,0.9814576209734406,0.7906274708429127,0.19083015013052784,0.15931966197242708,0.03151048815810076,False
digits,svm_rbf,label+gaussian+outliers,5,0.9814576209734406,0.5543608529664841,0.4270967680069565,0.2378327143147726,0.1892640536921839,False
digits,svm_rbf,label+gaussian+outliers+missing,1,0.9814576209734406,0.9591418225462925,0.022315798427148037,0.029053991028875847,-0.00673819260172781,False
digits,svm_rbf,label+gaussian+outliers+missing,2,0.9814576209734406,0.9374422066655725,0.04401541430786804,0.05880192521420913,-0.014786510906341088,False
digits,svm_rbf,label+gaussian+outliers+missing,3,0.9814576209734406,0.8840025277775075,0.09745509319593304,0.11546602234085113,-0.018010929144918086,False
digits,svm_rbf,label+gaussian+outliers+missing,4,0.9814576209734406,0.7720932750973594,0.20936434587608121,0.19632602224369622,0.013038323632384996,False
digits,svm_rbf,label+gaussian+outliers+missing,5,0.9814576209734406,0.579919723953612,0.40153789701982856,0.29385626791056285,0.10768162910926571,False
digits,svm_rbf,label+missing,1,0.9814576209734406,0.9740383317327629,0.007419289240677696,0.009895670909495169,-0.0024763816688174733,False
digits,svm_rbf,label+missing,2,0.9814576209734406,0.9610268001601585,0.02043082081328207,0.01749558812614782,0.0029352326871342482,False
digits,svm_rbf,label+missing,3,0.9814576209734406,0.9559448486004026,0.02551277237303795,0.028099070142398874,-0.0025862977693609235,False
digits,svm_rbf,label+missing,4,0.9814576209734406,0.9164442717205245,0.06501334925291613,0.05247192044676985,0.012541428806146282,False
digits,svm_rbf,label+missing,5,0.9814576209734406,0.897037979637571,0.08441964133586954,0.08302655064452091,0.0013930906913486307,False
digits,svm_rbf,label+outliers,1,0.9814576209734406,0.9590666236993748,0.022390997274065794,0.01852175227051489,0.003869245003550903,False
digits,svm_rbf,label+outliers,2,0.9814576209734406,0.9524158846964571,0.029041736276983476,0.03511213691655801,-0.006070400639574536,False
digits,svm_rbf,label+outliers,3,0.9814576209734406,0.9003337970265051,0.08112382394693551,0.06851803161291381,0.012605792334021704,False
digits,svm_rbf,label+outliers,4,0.9814576209734406,0.8368843634212478,0.14457325755219275,0.10256776910101606,0.04200548845117669,False
digits,svm_rbf,label+outliers,5,0.9814576209734406,0.7256720113105622,0.25578560966287833,0.14344242946855412,0.11234318019432421,False
digits,svm_rbf,label+outliers+missing,1,0.9814576209734406,0.9603798879451535,0.021077733028287082,0.025336097936453528,-0.004258364908166445,False
digits,svm_rbf,label+outliers+missing,2,0.9814576209734406,0.9374847527216462,0.04397286825179436,0.04944725491001989,-0.005474386658225527,False
digits,svm_rbf,label+outliers+missing,3,0.9814576209734406,0.8919626947508815,0.08949492622255906,0.08855767989876806,0.0009372463237909967,False
digits,svm_rbf,label+outliers+missing,4,0.9814576209734406,0.8381847784270479,0.14327284254639272,0.1395741293722852,0.0036987131741075263,False
digits,svm_rbf,label+outliers+missing,5,0.9814576209734406,0.7366479682506114,0.24480965272282917,0.19946598306434438,0.0453436696584848,False
digits,svm_rbf,outliers+missing,1,0.9814576209734406,0.9653450449607215,0.016112576012719093,0.022254772692896996,-0.006142196680177903,False
digits,svm_rbf,outliers+missing,2,0.9814576209734406,0.9437085450974242,0.03774907587601639,0.046286784777333945,-0.008537708901317553,False
digits,svm_rbf,outliers+missing,3,0.9814576209734406,0.9082058233797273,0.07325179759371325,0.08049825804222344,-0.0072464604485101836,False
digits,svm_rbf,outliers+missing,4,0.9814576209734406,0.8878928780526429,0.09356474292079764,0.12410856919678448,-0.03054382627598684,False
digits,svm_rbf,outliers+missing,5,0.9814576209734406,0.865456747528366,0.11600087344507459,0.17246298601561372,-0.056462112570539125,False
